tile,exclude,tif_download,tif_reproject,chip,filter_chips
13TDE,False,False,False,False,False
16SDD,False,False,False,False,False
13SFV,False,False,False,False,False
14TNS,False,False,False,False,False
14UMU,False,False,False,False,False
17TKG,False,False,False,False,False
16SGA,False,False,False,False,False
17TPH,False,False,False,False,False
14SLG,False,False,False,False,False
18TWN,False,False,False,False,False
18STE,False,False,False,False,False
16TCN,False,False,False,False,False
14SLF,False,False,False,False,False
14TNR,False,False,False,False,False
15TVK,False,False,False,False,False
16SED,False,False,False,False,False
13SGA,False,False,False,False,False
16RFV,False,False,False,False,False
11TPH,False,False,False,False,False
18TUN,False,False,False,False,False
14SPH,False,False,False,False,False
11TLM,False,False,False,False,False
12TWT,False,False,False,False,False
16TFN,False,False,False,False,False
18SVH,False,False,False,False,False
15TUL,False,False,False,False,False
13TEN,False,False,False,False,False
12TYR,False,False,False,False,False
16TEM,False,False,False,False,False
15STT,False,False,False,False,False
14SKG,False,False,False,False,False
16RGV,False,False,False,False,False
15TYK,False,False,False,False,False
14UNU,False,False,False,False,False
14SPG,False,False,False,False,False
16SCE,False,False,False,False,False
15TVL,False,False,False,False,False
17SNT,False,False,False,False,False
13SGU,False,False,False,False,False
14SKE,False,False,False,False,False
16SCG,False,False,False,False,False
13TEE,False,False,False,False,False
17SQV,False,False,False,False,False
16SCF,False,False,False,False,False
13SGV,False,False,False,False,False
16TDP,False,False,False,False,False
17TLJ,False,False,False,False,False
16TGN,False,False,False,False,False
16TEN,False,False,False,False,False
15SUV,False,False,False,False,False
14TQL,False,False,False,False,False
16TDQ,False,False,False,False,False
14SPF,False,False,False,False,False
11TNM,False,False,False,False,False
15TXE,False,False,False,False,False
16SDF,False,False,False,False,False
15TWL,False,False,False,False,False
14SNH,False,False,False,False,False
14TQS,False,False,False,False,False
15SVC,False,False,False,False,False
14TMP,False,False,False,False,False
16TDL,False,False,False,False,False
16TCQ,False,False,False,False,False
14TMR,False,False,False,False,False
14SLH,False,False,False,False,False
14TPT,False,False,False,False,False
15TWG,False,False,False,False,False
18TWQ,False,False,False,False,False
12UYU,False,False,False,False,False
14TMS,False,False,False,False,False
14SNA,False,False,False,False,False
16TFP,False,False,False,False,False
18TVK,False,False,False,False,False
17SQU,False,False,False,False,False
17TLH,False,False,False,False,False
12TXR,False,False,False,False,False
14TPR,False,False,False,False,False
18TWK,False,False,False,False,False
18SVJ,False,False,False,False,False
15SYA,False,False,False,False,False
13TGF,False,False,False,False,False
10TER,False,False,False,False,False
18SUJ,False,False,False,False,False
16SCH,False,False,False,False,False
15SYD,False,False,False,False,False
17TQH,False,False,False,False,False
16TCR,False,False,False,False,False
16TGP,False,False,False,False,False
15RTN,False,False,False,False,False
18TXQ,False,False,False,False,False
16TBM,False,False,False,False,False
13TFF,False,False,False,False,False
16TFM,False,False,False,False,False
14TPQ,False,False,False,False,False
14TMT,False,False,False,False,False
16TEP,False,False,False,False,False
14SMH,False,False,False,False,False
14TNL,False,False,False,False,False
15TYH,False,False,False,False,False
16SDE,False,False,False,False,False
16TDN,False,False,False,False,False
14SMG,False,False,False,False,False
15TXK,False,False,False,False,False
14RQT,False,False,False,False,False
10TGR,False,False,False,False,False
17TQJ,False,False,False,False,False
16TGK,False,False,False,False,False
18TVL,False,False,False,False,False
18SUH,False,False,False,False,False
16SDA,False,False,False,False,False
12TVR,False,False,False,False,False
10UEU,False,False,False,False,False
16TBK,False,False,False,False,False
16SBG,False,False,False,False,False
17SKR,False,False,False,False,False
16TGQ,False,False,False,False,False
14TQT,False,False,False,False,False
14SKH,False,False,False,False,False
17TMF,False,False,False,False,False
15TUM,False,False,False,False,False
14TLP,False,False,False,False,False
14RPP,False,False,False,False,False
16TGM,False,False,False,False,False
16RCU,False,False,False,False,False
11TLL,False,False,False,False,False
16TGR,False,False,False,False,False
14TQR,False,False,False,False,False
14SNJ,False,False,False,False,False
15SUC,False,False,False,False,False
14UPU,False,False,False,False,False
15SXA,False,False,False,False,False
12TUN,False,False,False,False,False
16SDH,False,False,False,False,False
16SBH,False,False,False,False,False
15TVJ,False,False,False,False,False
16SEF,False,False,False,False,False
17SNU,False,False,False,False,False
12SVB,False,False,False,False,False
14TNT,False,False,False,False,False
11TNJ,False,False,False,False,False
12TVT,False,False,False,False,False
14TLT,False,False,False,False,False
14SMJ,False,False,False,False,False
16TEL,False,False,False,False,False
11TQN,False,False,False,False,False
15TTE,False,False,False,False,False
17SLR,False,False,False,False,False
18STD,False,False,False,False,False
16TCP,False,False,False,False,False
13SFC,False,False,False,False,False
13TCM,False,False,False,False,False
12TYS,False,False,False,False,False
18TUK,False,False,False,False,False
15TWK,False,False,False,False,False
15SYU,False,False,False,False,False
16SEH,False,False,False,False,False
10SGF,False,False,False,False,False
14SPA,False,False,False,False,False
15TXJ,False,False,False,False,False
16TFL,False,False,False,False,False
18SUF,False,False,False,False,False
15SUD,False,False,False,False,False
13UDP,False,False,False,False,False
15SXU,False,False,False,False,False
16SDJ,False,False,False,False,False
18TTK,False,False,False,False,False
14RPS,False,False,False,False,False
14TLS,False,False,False,False,False
10SGE,False,False,False,False,False
15SWU,False,False,False,False,False
13UEP,False,False,False,False,False
11UQP,False,False,False,False,False
13TFM,False,False,False,False,False
15TVM,False,False,False,False,False
12TVK,False,False,False,False,False
14RPQ,False,False,False,False,False
13SFA,False,False,False,False,False
14ULU,False,False,False,False,False
11TNN,False,False,False,False,False
16SBF,False,False,False,False,False
11TMN,False,False,False,False,False
16RDU,False,False,False,False,False
14RNQ,False,False,False,False,False
14SQB,False,False,False,False,False
16SBC,False,False,False,False,False
15TUK,False,False,False,False,False
14TLQ,False,False,False,False,False
15SXD,False,False,False,False,False
15TXL,False,False,False,False,False
14TMK,False,False,False,False,False
18TWL,False,False,False,False,False
17SMS,False,False,False,False,False
01SBS,False,False,False,False,False
15SVS,False,False,False,False,False
10TFQ,False,False,False,False,False
14RPU,False,False,False,False,False
15SYC,False,False,False,False,False
15SVR,False,False,False,False,False
14SKD,False,False,False,False,False
14TLK,False,False,False,False,False
13SFU,False,False,False,False,False
14SKF,False,False,False,False,False
14SQA,False,False,False,False,False
17RLQ,False,False,False,False,False
17TLF,False,False,False,False,False
13SGC,False,False,False,False,False
15TXF,False,False,False,False,False
18STJ,False,False,False,False,False
15TWE,False,False,False,False,False
18TVP,False,False,False,False,False
16TCL,False,False,False,False,False
10SFF,False,False,False,False,False
15TTF,False,False,False,False,False
13TFE,False,False,False,False,False
15TVF,False,False,False,False,False
17TKE,False,False,False,False,False
14ULV,False,False,False,False,False
17SPC,False,False,False,False,False
17SQD,False,False,False,False,False
17RKQ,False,False,False,False,False
14TNK,False,False,False,False,False
17TLE,False,False,False,False,False
14RQU,False,False,False,False,False
12TYQ,False,False,False,False,False
16SEE,False,False,False,False,False
14SPJ,False,False,False,False,False
16SEG,False,False,False,False,False
13SFD,False,False,False,False,False
16SDG,False,False,False,False,False
11UPP,False,False,False,False,False
13TGH,False,False,False,False,False
11TML,False,False,False,False,False
14TQK,False,False,False,False,False
15TVG,False,False,False,False,False
15SYT,False,False,False,False,False
15SYS,False,False,False,False,False
14SLJ,False,False,False,False,False
13TGN,False,False,False,False,False
14UMV,False,False,False,False,False
13TCK,False,False,False,False,False
14SLE,False,False,False,False,False
14TNQ,False,False,False,False,False
14RPV,False,False,False,False,False
15TWJ,False,False,False,False,False
15TYE,False,False,False,False,False
13SGB,False,False,False,False,False
15TYL,False,False,False,False,False
16SBJ,False,False,False,False,False
12TVP,False,False,False,False,False
15SWC,False,False,False,False,False
11TQH,False,False,False,False,False
11TMM,False,False,False,False,False
14TPN,False,False,False,False,False
16SBE,False,False,False,False,False
13TFG,False,False,False,False,False
12TVM,False,False,False,False,False
15TYJ,False,False,False,False,False
13TEK,False,False,False,False,False
16SEA,False,False,False,False,False
12TUM,False,False,False,False,False
17SMR,False,False,False,False,False
15TXG,False,False,False,False,False
12UXU,False,False,False,False,False
11TMJ,False,False,False,False,False
17TPJ,False,False,False,False,False
14TPL,False,False,False,False,False
14SMB,False,False,False,False,False
11TMK,False,False,False,False,False
14RPR,False,False,False,False,False
17TPE,False,False,False,False,False
10TDT,False,False,False,False,False
17RKP,False,False,False,False,False
17SMT,False,False,False,False,False
14SQC,False,False,False,False,False
16RDV,False,False,False,False,False
15SWD,False,False,False,False,False
15SXV,False,False,False,False,False
12TXT,False,False,False,False,False
16TFQ,False,False,False,False,False
10TEM,False,False,False,False,False
14TQQ,False,False,False,False,False
15RVP,False,False,False,False,False
17RMK,False,False,False,False,False
15STD,False,False,False,False,False
15RXQ,False,False,False,False,False
10TFR,False,False,False,False,False
17SLS,False,False,False,False,False
16TDR,False,False,False,False,False
10TFS,False,False,False,False,False
15TUJ,False,False,False,False,False
18STF,False,False,False,False,False
16SCB,False,False,False,False,False
14RNR,False,False,False,False,False
15SUB,False,False,False,False,False
12TWS,False,False,False,False,False
14TNP,False,False,False,False,False
13SGD,False,False,False,False,False
14TPS,False,False,False,False,False
15TWH,False,False,False,False,False
18TUL,False,False,False,False,False
14UQU,False,False,False,False,False
11TNL,False,False,False,False,False
15SXC,False,False,False,False,False
16SCJ,False,False,False,False,False
10SGD,False,False,False,False,False
12UUU,False,False,False,False,False
13UCP,False,False,False,False,False
15STC,False,False,False,False,False
16REV,False,False,False,False,False
15TWF,False,False,False,False,False
13UFQ,False,False,False,False,False
11SPS,False,False,False,False,False
13SCR,False,False,False,False,False
16TCM,False,False,False,False,False
15TUH,False,False,False,False,False
14TMQ,False,False,False,False,False
17SKD,False,False,False,False,False
15SVD,False,False,False,False,False
10SFH,False,False,False,False,False
15TTG,False,False,False,False,False
15SVU,False,False,False,False,False
14TNN,False,False,False,False,False
14SME,False,False,False,False,False
12UVU,False,False,False,False,False
13TFN,False,False,False,False,False
13SFB,False,False,False,False,False
16TFK,False,False,False,False,False
10TDS,False,False,False,False,False
15TXH,False,False,False,False,False
18TVN,False,False,False,False,False
14TKK,False,False,False,False,False
16SFG,False,False,False,False,False
15TUE,False,False,False,False,False
17SLD,False,False,False,False,False
12SYF,False,False,False,False,False
13TEG,False,False,False,False,False
17SPU,False,False,False,False,False
15TVE,False,False,False,False,False
16TBL,False,False,False,False,False
14RNT,False,False,False,False,False
18TTL,False,False,False,False,False
16SFJ,False,False,False,False,False
10TGS,False,False,False,False,False
13SBC,False,False,False,False,False
16SGJ,False,False,False,False,False
15RWQ,False,False,False,False,False
14TLL,False,False,False,False,False
16SDB,False,False,False,False,False
15SWR,False,False,False,False,False
10UGU,False,False,False,False,False
15SXT,False,False,False,False,False
14UQV,False,False,False,False,False
15RXP,False,False,False,False,False
10UEV,False,False,False,False,False
16SCC,False,False,False,False,False
16SEJ,False,False,False,False,False
15TUF,False,False,False,False,False
13UFP,False,False,False,False,False
16SCD,False,False,False,False,False
14TMN,False,False,False,False,False
16SFH,False,False,False,False,False
11TLN,False,False,False,False,False
15SVT,False,False,False,False,False
15SYB,False,False,False,False,False
14UNV,False,False,False,False,False
12SUB,False,False,False,False,False
14TPK,False,False,False,False,False
16TDM,False,False,False,False,False
17RML,False,False,False,False,False
16TEK,False,False,False,False,False
11UMP,False,False,False,False,False
18TVQ,False,False,False,False,False
10TFM,False,False,False,False,False
14SQJ,False,False,False,False,False
17RMN,False,False,False,False,False
12TVN,False,False,False,False,False
13TDM,False,False,False,False,False
13TDG,False,False,False,False,False
15RTP,False,False,False,False,False
17TNF,False,False,False,False,False
13TEF,False,False,False,False,False
12SXG,False,False,False,False,False
17RLN,False,False,False,False,False
10TGL,False,False,False,False,False
15STB,False,False,False,False,False
12TXQ,False,False,False,False,False
16RFU,False,False,False,False,False
11SKD,False,False,False,False,False
15SUT,False,False,False,False,False
14SKJ,False,False,False,False,False
12TUP,False,False,False,False,False
14SMC,False,False,False,False,False
14RMT,False,False,False,False,False
18STH,False,False,False,False,False
10UFU,False,False,False,False,False
12TTM,False,False,False,False,False
17SQC,False,False,False,False,False
15SXR,False,False,False,False,False
14SLB,False,False,False,False,False
15RYQ,False,False,False,False,False
13TDF,False,False,False,False,False
13TFL,False,False,False,False,False
12UWV,False,False,False,False,False
15RYP,False,False,False,False,False
15SVV,False,False,False,False,False
14SNG,False,False,False,False,False
14RQS,False,False,False,False,False
10TDM,False,False,False,False,False
10SGG,False,False,False,False,False
15TUG,False,False,False,False,False
15STA,False,False,False,False,False
10SEH,False,False,False,False,False
13UDQ,False,False,False,False,False
17SKC,False,False,False,False,False
17SKS,False,False,False,False,False
14TML,False,False,False,False,False
15TYF,False,False,False,False,False
17RLP,False,False,False,False,False
17SPV,False,False,False,False,False
12TVL,False,False,False,False,False
11TNK,False,False,False,False,False
11TQJ,False,False,False,False,False
15TWN,False,False,False,False,False
14TPP,False,False,False,False,False
16TDK,False,False,False,False,False
13TEL,False,False,False,False,False
16TEQ,False,False,False,False,False
14SLD,False,False,False,False,False
16SEB,False,False,False,False,False
12TXS,False,False,False,False,False
14SNE,False,False,False,False,False
12TUL,False,False,False,False,False
17SPT,False,False,False,False,False
13TEM,False,False,False,False,False
12TYT,False,False,False,False,False
14SMD,False,False,False,False,False
12TVS,False,False,False,False,False
10SFE,False,False,False,False,False
11SLD,False,False,False,False,False
13TGE,False,False,False,False,False
14UPV,False,False,False,False,False
14TQP,False,False,False,False,False
14SNF,False,False,False,False,False
15SXS,False,False,False,False,False
17RLM,False,False,False,False,False
17SNA,False,False,False,False,False
18TUM,False,False,False,False,False
13SGT,False,False,False,False,False
12TYP,False,False,False,False,False
19TEM,False,False,False,False,False
14SNC,False,False,False,False,False
15TUN,False,False,False,False,False
14SPE,False,False,False,False,False
15SYV,False,False,False,False,False
15RWP,False,False,False,False,False
18SUE,False,False,False,False,False
15SUR,False,False,False,False,False
10TES,False,False,False,False,False
13SEC,False,False,False,False,False
15RUP,False,False,False,False,False
14RQV,False,False,False,False,False
10SFG,False,False,False,False,False
12TXK,False,False,False,False,False
18TXN,False,False,False,False,False
16TCK,False,False,False,False,False
10TGT,False,False,False,False,False
16SBD,False,False,False,False,False
14TQN,False,False,False,False,False
17TNG,False,False,False,False,False
15STR,False,False,False,False,False
13TGK,False,False,False,False,False
10SDJ,False,False,False,False,False
17SNS,False,False,False,False,False
18TUP,False,False,False,False,False
14TPM,False,False,False,False,False
12UVV,False,False,False,False,False
11TNH,False,False,False,False,False
11TQG,False,False,False,False,False
15SVB,False,False,False,False,False
12TUT,False,False,False,False,False
14SND,False,False,False,False,False
11ULP,False,False,False,False,False
18TXP,False,False,False,False,False
13SER,False,False,False,False,False
13SBB,False,False,False,False,False
12SUJ,False,False,False,False,False
11UNQ,False,False,False,False,False
10TDQ,False,False,False,False,False
10TFT,False,False,False,False,False
16TFR,False,False,False,False,False
12SXA,False,False,False,False,False
